{"mean_squared_error": 35043.570704067846, "mean_absolute_error": 68.41233114617162, "r2_score": 0.028605998719467562}